Deloitte Hyderabad,https://www2.deloitte.com/in/en/footerlinks/office-locator/india-offices/hyderabad.html,[],"['(40) 7125 3600', '(40) 7125 3601']"
www.indusos.com,https://www.indusos.com/,"['grievances@indusos.com', 'info@indusos.com']","['9122 4510', ' 2020-2021', '022 4510']"
www.purpledocs.com,https://www.purpledocs.com/,[],"['099099 0353', '081786 8839', '097267 9756', '99099 0353', '81786 8839', '97267 9756']"
smartyledge,https://smartyledge.co.in/,['abhijitmaity7546@gmail.com'],[]
purpledocs,https://www.purpledocs.com/,[],"['099099 0353', '081786 8839', '097267 9756', '99099 0353', '81786 8839', '97267 9756']"
Parivahan,https://parivahan.gov.in/parivahan/,[],[]
purpledocs,https://www.purpledocs.com/,[],"['099099 0353', '081786 8839', '097267 9756', '99099 0353', '81786 8839', '97267 9756']"
rnt.ai,https://www.rabbitandtortoise.com/,[],[]
smartjoules,https://www.smartjoules.co.in/,['info@smartjoules.in'],[' 2015-2021']
ireeworld,https://www.ireeworld.com/,[],[]
